formulas,mpid,Wf,label,A-A,A-B,A-C,B-B,B-C,C-C,lattice constant,N,k,n_A,n_B,n_C,ionic r_A,ionic r_B,ionic r_C,electronegativity_A,electronegativity_B,electronegativity_C,r_A,r_B,r_C,m_A,m_B,m_C,group_A,group_B,group_C,period_A,period_B,period_C,absolute boiling point_A,absolute boiling point_B,absolute boiling point_C,absolute melting point_A,absolute melting point_B,absolute melting point_C,covalent r_A,covalent r_B,covalent r_C,s_A,s_B,s_C,p_A,p_B,p_C,d_A,d_B,d_C,electron affinity_A,electron affinity_B,electron affinity_C,first ionization energy_A,first ionization energy_B,first ionization energy_C,heat of fusion_A,heat of fusion_B,heat of fusion_C,heat of vaporization_A,heat of vaporization_B,heat of vaporization_C,polarizability_A,polarizability_B,polarizability_C,atomic number_A,atomic number_B,atomic number_C,3d,second ionization energy_A,second ionization energy_B,second ionization energy_C,boiling point_A,boiling point_B,boiling point_C,melting point_A,melting point_B,melting point_C
AgH3O2,mp-769355,5.28,1,3.045451536,5,2.130610922,5,0.977510208,5,6.081299782,12,0.506774982,1,3,2,115,37,140,1.93,2.2,3.44,144,53,73,107.8,1,16,11,1,16,5,1,2,2435,20.28,90.2,1234.93,14.01,54.8,145,31,66,1,1,2,0,0,4,10,0,0,125.6,72.8,141,731,1312,1313.9,11.3,0.56,0.22,255,0.45,3.41,7.2,0.67,0.8,47,1,8,FALSE,2070,1312,3388.3,2162,-252.87,-182.9,961.78,-259.14,-218.3
AgNO2,mp-5770,6.62,1,5,2.229419828,2.451183022,5,1.264869378,5,5.110300064,4,1.277575016,1,1,2,115,16,140,1.93,3.04,3.44,144,75,73,107.8,14,16,11,15,16,5,2,2,2435,77.36,90.2,1234.93,63.05,54.8,145,71,66,1,2,2,0,3,4,10,0,0,125.6,7,141,731,1402.3,1313.9,11.3,0.36,0.22,255,2.79,3.41,7.2,1.1,0.8,47,7,8,FALSE,2070,2856,3388.3,2162,-195.79,-182.9,961.78,-210.1,-218.3
Al3Te3I,mp-28693,3.65,1,2.553383054,2.698829136,2.500971305,5,5,5,4.152999878,14,0.296642848,3,3,1,54,221,220,1.61,2.1,2.66,143,135,133,27,127.6,126.9,13,16,17,3,5,5,2792,1261,457.4,933.47,722.66,386.85,121,138,139,2,2,2,1,4,5,0,10,10,42.5,190.2,295.2,577.5,869.3,1008.4,10.7,17.5,7.76,293,48,20.9,6.8,5.5,4.7,13,52,53,FALSE,1816.7,1790,1845.9,2519,988,184.3,660.32,449.51,113.7
AlBiBr6,mp-31268,7.32,1,5,5,2.340336322,5,2.895411312,5,11.06919956,16,0.691824973,1,1,6,54,103,196,1.61,1.9,2.96,143,146,114,27,209,79.9,13,15,17,3,6,4,2792,1837,332,933.47,544.4,265.8,121,148,120,2,2,2,1,3,5,0,10,10,42.5,91.2,324.6,577.5,703,1139.9,10.7,10.9,5.8,293,160,14.8,6.8,7.4,3.05,13,83,35,FALSE,1816.7,1610,2103,2519,1564,59,660.32,271.3,-7.3
AlPS4,mp-27462,5.75,1,5,5,2.265907091,5,2.067399959,5,5.692671334,6,0.948778556,1,1,4,54,17,184,1.61,2.19,2.58,143,106,102,27,31,32.1,13,15,16,3,3,3,2792,553.6,717.87,933.47,317.3,388.36,121,107,105,2,2,2,1,3,4,0,0,0,42.5,71,200,577.5,1011.8,999.6,10.7,0.64,1.73,293,12.4,9.8,6.8,3.63,2.9,13,15,16,FALSE,1816.7,1907,2252,2519,280.5,444.72,660.32,44.2,115.21
As2PbS4,mp-19941,5.56,1,5,5,2.799382062,5,2.353376837,5,3.759500027,7,0.537071432,1,2,4,119,58,184,1.8,2.18,2.58,175,119,102,207.2,74.9,32.1,14,15,16,6,4,3,2022,887,717.87,600.61,1090,388.36,146,119,105,2,2,2,2,3,4,10,10,0,35.1,78,200,715.6,947,999.6,4.77,27.7,1.73,178,32.4,9.8,6.8,4.31,2.9,82,33,16,FALSE,1450.5,1798,2252,1749,614,444.72,327.46,817,115.21
AsSeI,mp-505373,5.77,1,5,2.628357415,2.92218579,5,5,5,3.96420002,6,0.660700003,1,1,1,58,198,220,2.18,2.55,2.66,119,116,133,74.9,78.9,126.9,15,16,17,4,4,5,887,958,457.4,1090,494,386.85,119,120,139,2,2,2,3,4,5,10,10,10,78,195,295.2,947,941,1008.4,27.7,5.4,7.76,32.4,26,20.9,4.31,3.77,4.7,33,34,53,FALSE,1798,2045,1845.9,614,685,184.3,817,221,113.7
AuBrF6,mp-30159,8.34,1,5,5,1.978255458,5,1.976317707,5,5.788000107,8,0.723500013,1,1,6,85,196,133,2.4,2.96,3.98,144,114,71,197,79.9,18.9,11,17,17,6,4,2,3129,332,85.03,1337.33,265.8,53.5,136,120,57,1,2,2,0,5,5,10,10,0,222.8,324.6,328,890.1,1139.9,1681,12.5,5.8,0.26,330,14.8,3.27,5.8,3.05,0.56,79,35,9,FALSE,1980,2103,3374.2,2856,59,-188.12,1064.18,-7.3,-219.6
AuSeBr,mp-27199,6.83,1,5,2.529011402,2.454008463,5,5,5,7.141300201,12,0.59510835,1,1,1,85,198,196,2.4,2.55,2.96,144,116,114,197,78.9,79.9,11,16,17,6,4,4,3129,958,332,1337.33,494,265.8,136,120,120,1,2,2,0,4,5,10,10,10,222.8,195,324.6,890.1,941,1139.9,12.5,5.4,5.8,330,26,14.8,5.8,3.77,3.05,79,34,35,FALSE,1980,2045,2103,2856,685,59,1064.18,221,-7.3
Bi3O4F,mp-760758,5.9,1,5,2.277309361,2.344651881,5,5,5,3.540699959,16,0.221293747,3,4,1,103,140,133,1.9,3.44,3.98,146,73,71,209,16,18.9,15,16,17,6,2,2,1837,90.2,85.03,544.4,54.8,53.5,148,66,57,2,2,2,3,4,5,10,0,0,91.2,141,328,703,1313.9,1681,10.9,0.22,0.26,160,3.41,3.27,7.4,0.8,0.56,83,8,9,FALSE,1610,3388.3,3374.2,1564,-182.9,-188.12,271.3,-218.3,-219.6
Bi4RuBr2,mp-541772,5.2,1,3.217047167,2.867434931,2.980436784,2.856454365,5,5,6.870500088,14,0.490750006,4,1,2,103,68,196,1.9,2.2,2.96,146,134,114,209,101,79.9,15,8,17,6,5,4,1837,4423,332,544.4,2607,265.8,148,146,120,2,1,2,3,0,5,10,7,10,91.2,101.3,324.6,703,710.2,1139.9,10.9,25.7,5.8,160,580,14.8,7.4,9.6,3.05,83,44,35,FALSE,1610,1620,2103,1564,4150,59,271.3,2334,-7.3
Bi4RuI2,mp-541771,5.2,1,3.218600606,2.870209068,3.193642539,2.863902542,5,5,6.883600235,14,0.491685731,4,1,2,103,68,220,1.9,2.2,2.66,146,134,133,209,101,126.9,15,8,17,6,5,5,1837,4423,457.4,544.4,2607,386.85,148,146,139,2,1,2,3,0,5,10,7,10,91.2,101.3,295.2,703,710.2,1008.4,10.9,25.7,7.76,160,580,20.9,7.4,9.6,4.7,83,44,53,FALSE,1610,1620,1845.9,1564,4150,184.3,271.3,2334,113.7
BiOF,mp-753160,7.14,1,5,2.215078056,2.059690623,5,5,5,3.796799898,6,0.632799983,1,1,1,103,140,133,1.9,3.44,3.98,146,73,71,209,16,18.9,15,16,17,6,2,2,1837,90.2,85.03,544.4,54.8,53.5,148,66,57,2,2,2,3,4,5,10,0,0,91.2,141,328,703,1313.9,1681,10.9,0.22,0.26,160,3.41,3.27,7.4,0.8,0.56,83,8,9,FALSE,1610,3388.3,3374.2,1564,-182.9,-188.12,271.3,-218.3,-219.6
BiPS4,mp-27133,5.84,1,5,5,2.700290331,5,2.061197166,5,11.28100014,12,0.940083345,1,1,4,103,17,184,1.9,2.19,2.58,146,106,102,209,31,32.1,15,15,16,6,3,3,1837,553.6,717.87,544.4,317.3,388.36,148,107,105,2,2,2,3,3,4,10,0,0,91.2,71,200,703,1011.8,999.6,10.9,0.64,1.73,160,12.4,9.8,7.4,3.63,2.9,83,15,16,FALSE,1610,1907,2252,1564,280.5,444.72,271.3,44.2,115.21
BiSBr,mp-23324,6.29,1,5,2.734469878,2.934554517,5,5,5,4.0625,6,0.677083333,1,1,1,103,184,196,1.9,2.58,2.96,146,102,114,209,32.1,79.9,15,16,17,6,3,4,1837,717.87,332,544.4,388.36,265.8,148,105,120,2,2,2,3,4,5,10,0,10,91.2,200,324.6,703,999.6,1139.9,10.9,1.73,5.8,160,9.8,14.8,7.4,2.9,3.05,83,16,35,FALSE,1610,2252,2103,1564,444.72,59,271.3,115.21,-7.3
BiSCl,mp-23318,6.39,1,5,2.728632036,2.787661681,5,5,5,3.987699986,6,0.664616664,1,1,1,103,184,181,1.9,2.58,3.16,146,102,99,209,32.1,35.4,15,16,17,6,3,3,1837,717.87,239.11,544.4,388.36,171.6,148,105,102,2,2,2,3,4,5,10,0,0,91.2,200,349,703,999.6,1251.2,10.9,1.73,3.2,160,9.8,10.2,7.4,2.9,2.18,83,16,17,FALSE,1610,2252,2298,1564,444.72,-34.04,271.3,115.21,-101.5
BiSeBr,mp-569707,6.07,1,5,2.864428211,2.943981048,5,5,5,4.126399994,6,0.687733332,1,1,1,103,198,196,1.9,2.55,2.96,146,116,114,209,78.9,79.9,15,16,17,6,4,4,1837,958,332,544.4,494,265.8,148,120,120,2,2,2,3,4,5,10,10,10,91.2,195,324.6,703,941,1139.9,10.9,5.4,5.8,160,26,14.8,7.4,3.77,3.05,83,34,35,FALSE,1610,2045,2103,1564,685,59,271.3,221,-7.3
BiSeCl,mp-610491,6.22,1,5,2.86621831,2.806754738,5,5,5,4.157800198,6,0.6929667,1,1,1,103,198,181,1.9,2.55,3.16,146,116,99,209,78.9,35.4,15,16,17,6,4,3,1837,958,239.11,544.4,494,171.6,148,120,102,2,2,2,3,4,5,10,10,0,91.2,195,349,703,941,1251.2,10.9,5.4,3.2,160,26,10.2,7.4,3.77,2.18,83,34,17,FALSE,1610,2045,2298,1564,685,-34.04,271.3,221,-101.5
BiSeI,mp-23020,5.93,1,5,2.873377524,3.143629911,5,5,5,4.247099876,6,0.707849979,1,1,1,103,198,220,1.9,2.55,2.66,146,116,133,209,78.9,126.9,15,16,17,6,4,5,1837,958,457.4,544.4,494,386.85,148,120,139,2,2,2,3,4,5,10,10,10,91.2,195,295.2,703,941,1008.4,10.9,5.4,7.76,160,26,20.9,7.4,3.77,4.7,83,34,53,FALSE,1610,2045,1845.9,1564,685,184.3,271.3,221,113.7
BiSI,mp-23514,6.14,1,5,2.74415835,3.135500956,5,5,5,4.192100048,6,0.698683341,1,1,1,103,184,220,1.9,2.58,2.66,146,102,133,209,32.1,126.9,15,16,17,6,3,5,1837,717.87,457.4,544.4,388.36,386.85,148,105,139,2,2,2,3,4,5,10,0,10,91.2,200,295.2,703,999.6,1008.4,10.9,1.73,7.76,160,9.8,20.9,7.4,2.9,4.7,83,16,53,FALSE,1610,2252,1845.9,1564,444.72,184.3,271.3,115.21,113.7
BPS4,mp-27724,5.51,1,5,5,1.94188192,5,2.055737819,5,5.286699772,6,0.881116629,1,1,4,27,17,184,2.04,2.19,2.58,85,106,102,10.8,31,32.1,13,15,16,2,3,3,4273,553.6,717.87,2348,317.3,388.36,85,107,105,2,2,2,1,3,4,0,0,0,26.7,71,200,800.6,1011.8,999.6,50,0.64,1.73,507,12.4,9.8,3.03,3.63,2.9,5,15,16,FALSE,2427.1,1907,2252,4000,280.5,444.72,2075,44.2,115.21
BrNO3,mp-29526,7.36,1,5,5,2.084028854,5,1.279867888,5,11.56110001,10,1.156110001,1,1,3,196,16,140,2.96,3.04,3.44,114,75,73,79.9,14,16,17,15,16,4,2,2,332,77.36,90.2,265.8,63.05,54.8,120,71,66,2,2,2,5,3,4,10,0,0,324.6,7,141,1139.9,1402.3,1313.9,5.8,0.36,0.22,14.8,2.79,3.41,3.05,1.1,0.8,35,7,8,FALSE,2103,2856,3388.3,59,-195.79,-182.9,-7.3,-210.1,-218.3
BSbO3,mp-753806,6.76,1,5,5,1.385910338,5,1.98524252,5,4.820000172,10,0.482000017,1,1,3,27,76,140,2.04,2.05,3.44,85,138,73,10.8,121.7,16,13,15,16,2,5,2,4273,1860,90.2,2348,903.78,54.8,85,139,66,2,2,2,1,3,4,0,10,0,26.7,103.2,141,800.6,834,1313.9,50,19.7,0.22,507,67,3.41,3.03,6.6,0.8,5,51,8,FALSE,2427.1,1594.9,3388.3,4000,1587,-182.9,2075,630.63,-218.3
Ga3Te3I,mp-28608,5.52,1,2.462982911,2.706347508,2.531932763,5,5,5,4.172999859,14,0.298071418,3,3,1,62,221,220,1.81,2.1,2.66,135,135,133,69.7,127.6,126.9,13,16,17,4,5,5,2477,1261,457.4,302.91,722.66,386.85,122,138,139,2,2,2,1,4,5,10,10,10,28.9,190.2,295.2,578.8,869.3,1008.4,5.59,17.5,7.76,256,48,20.9,8.12,5.5,4.7,31,52,53,FALSE,1979.3,1790,1845.9,2204,988,184.3,29.76,449.51,113.7
GaSbCl6,mp-27735,7.96,1,5,5,2.227268342,5,2.558468133,5,7.838300228,8,0.979787529,1,1,6,62,76,181,1.81,2.05,3.16,135,138,99,69.7,121.7,35.4,13,15,17,4,5,3,2477,1860,239.11,302.91,903.78,171.6,122,139,102,2,2,2,1,3,5,10,10,0,28.9,103.2,349,578.8,834,1251.2,5.59,19.7,3.2,256,67,10.2,8.12,6.6,2.18,31,51,17,FALSE,1979.3,1594.9,2298,2204,1587,-34.04,29.76,630.63,-101.5
Ge(BrF5)2,mp-27218,8.57,1,5,5,1.858420147,5,1.982442444,5,5.12349987,13,0.394115375,1,2,10,53,196,133,2.01,2.96,3.98,122,114,71,72.6,79.9,18.9,14,17,17,4,4,2,3093,332,85.03,1211.4,265.8,53.5,120,120,57,2,2,2,2,5,5,10,10,0,119,324.6,328,762,1139.9,1681,31.8,5.8,0.26,334,14.8,3.27,6.07,3.05,0.56,32,35,9,FALSE,1537.5,2103,3374.2,2820,59,-188.12,938.3,-7.3,-219.6
GePdS3,mp-541785,6.15,1,5,5,2.267466881,5,2.353721872,5,3.508500099,10,0.35085001,1,1,3,53,64,184,2.01,2.2,2.58,122,137,102,72.6,106.4,32.1,14,10,16,4,5,3,3093,3236,717.87,1211.4,1828.05,388.36,120,139,105,2,0,2,2,0,4,10,10,0,119,53.7,200,762,804.4,999.6,31.8,16.7,1.73,334,380,9.8,6.07,4.8,2.9,32,46,16,FALSE,1537.5,1870,2252,2820,2963,444.72,938.3,1554.9,115.21
H2WO5,mp-626865,6.36,1,3.315877253,5,2.026115105,5,0.980405297,1.463429822,3.924000025,16,0.245250002,1,2,5,60,37,140,1.7,2.2,3.44,139,53,73,183.8,1,16,6,1,16,6,1,2,5828,20.28,90.2,3695,14.01,54.8,162,31,66,2,1,2,0,0,4,4,0,0,78.6,72.8,141,770,1312,1313.9,35,0.56,0.22,800,0.45,3.41,11.1,0.67,0.8,74,1,8,FALSE,1700,1312,3388.3,5555,-252.87,-182.9,3422,-259.14,-218.3
HfPbS3,mp-22147,5.04,1,3.692349108,5,2.567724219,5,2.675151581,5,3.774499893,10,0.377449989,1,1,3,83,119,184,1.3,1.8,2.58,159,175,102,178.5,207.2,32.1,4,14,16,6,6,3,4876,2022,717.87,2506,600.61,388.36,175,146,105,2,2,2,0,2,4,2,10,0,0,35.1,200,658.5,715.6,999.6,25.5,4.77,1.73,630,178,9.8,16.2,6.8,2.9,72,82,16,FALSE,1440,1450.5,2252,4603,1749,444.72,2233,327.46,115.21
HfSnS3,mp-8725,5.02,1,3.671416363,5,2.558119621,5,2.591343063,5,3.683700062,10,0.368370006,1,1,3,83,45,184,1.3,1.96,2.58,159,141,102,178.5,118.7,32.1,4,14,16,6,5,3,4876,2875,717.87,2506,505.08,388.36,175,139,105,2,2,2,0,2,4,2,10,0,0,107.3,200,658.5,708.6,999.6,25.5,7,1.73,630,290,9.8,16.2,7.7,2.9,72,50,16,FALSE,1440,1411.8,2252,4603,2602,444.72,2233,231.93,115.21
Hg(IO3)2,mp-23407,7.15,1,5,5,2.319597096,5,1.853885775,5,5.545899868,18,0.308105548,1,2,6,102,220,140,1.9,2.66,3.44,151,133,73,200.6,126.9,16,12,17,16,6,5,2,629.88,457.4,90.2,234.32,386.85,54.8,132,139,66,2,2,2,0,5,4,10,10,0,0,295.2,141,1007.1,1008.4,1313.9,2.29,7.76,0.22,59.2,20.9,3.41,5.7,4.7,0.8,80,53,8,FALSE,1810,1845.9,3388.3,356.73,184.3,-182.9,-38.83,113.7,-218.3
HgClO3,mp-30937,7.33,1,2.597810858,5,2.217805485,5,1.523911138,5,6.481999874,10,0.648199987,1,1,3,102,181,140,1.9,3.16,3.44,151,99,73,200.6,35.4,16,12,17,16,6,3,2,629.88,239.11,90.2,234.32,171.6,54.8,132,102,66,2,2,2,0,5,4,10,0,0,0,349,141,1007.1,1251.2,1313.9,2.29,3.2,0.22,59.2,10.2,3.41,5.7,2.18,0.8,80,17,8,FALSE,1810,2298,3388.3,356.73,-34.04,-182.9,-38.83,-101.5,-218.3
HIO3,mp-23963,7.82,1,5,5,1.016916758,5,1.852507777,5,5.876699925,10,0.587669992,1,1,3,37,220,140,2.2,2.66,3.44,53,133,73,1,126.9,16,1,17,16,1,5,2,20.28,457.4,90.2,14.01,386.85,54.8,31,139,66,1,2,2,0,5,4,0,10,0,72.8,295.2,141,1312,1008.4,1313.9,0.56,7.76,0.22,0.45,20.9,3.41,0.67,4.7,0.8,1,53,8,FALSE,1312,1845.9,3388.3,-252.87,184.3,-182.9,-259.14,113.7,-218.3
HIO4,mp-676362,8.38,1,5,5,0.984002368,3.135768199,1.953830201,5,5.072700024,12,0.422725002,1,1,4,37,220,140,2.2,2.66,3.44,53,133,73,1,126.9,16,1,17,16,1,5,2,20.28,457.4,90.2,14.01,386.85,54.8,31,139,66,1,2,2,0,5,4,0,10,0,72.8,295.2,141,1312,1008.4,1313.9,0.56,7.76,0.22,0.45,20.9,3.41,0.67,4.7,0.8,1,53,8,FALSE,1312,1845.9,3388.3,-252.87,184.3,-182.9,-259.14,113.7,-218.3
IClO,mp-752422,6.6,1,5,2.447933875,2.035391053,5,5,5,6.614600182,9,0.734955576,1,1,1,220,181,140,2.66,3.16,3.44,133,99,73,126.9,35.4,16,17,17,16,5,3,2,457.4,239.11,90.2,386.85,171.6,54.8,139,102,66,2,2,2,5,5,4,10,0,0,295.2,349,141,1008.4,1251.2,1313.9,7.76,3.2,0.22,20.9,10.2,3.41,4.7,2.18,0.8,53,17,8,FALSE,1845.9,2298,3388.3,184.3,-34.04,-182.9,113.7,-101.5,-218.3
In3Te3I,mp-616327,5.72,1,2.801213983,2.891560288,2.70725814,5,5,5,4.411399841,14,0.315099989,3,3,1,80,221,220,1.78,2.1,2.66,167,135,133,114.8,127.6,126.9,13,16,17,5,5,5,2345,1261,457.4,429.75,722.66,386.85,142,138,139,2,2,2,1,4,5,10,10,10,28.9,190.2,295.2,558.3,869.3,1008.4,3.26,17.5,7.76,230,48,20.9,9.1,5.5,4.7,49,52,53,FALSE,1820.7,1790,1845.9,2072,988,184.3,156.6,449.51,113.7
INO3,mp-754661,6.57,1,5,5,2.229248391,5,1.27810145,5,12.09619999,10,1.209619999,1,1,3,220,16,140,2.66,3.04,3.44,133,75,73,126.9,14,16,17,15,16,5,2,2,457.4,77.36,90.2,386.85,63.05,54.8,139,71,66,2,2,2,5,3,4,10,0,0,295.2,7,141,1008.4,1402.3,1313.9,7.76,0.36,0.22,20.9,2.79,3.41,4.7,1.1,0.8,53,7,8,FALSE,1845.9,2856,3388.3,184.3,-195.79,-182.9,113.7,-210.1,-218.3
InSeI,mp-505357,6.66,1,5,2.677217391,2.701221629,5,5,5,10.40670013,24,0.433612506,1,1,1,80,198,220,1.78,2.55,2.66,167,116,133,114.8,78.9,126.9,13,16,17,5,4,5,2345,958,457.4,429.75,494,386.85,142,120,139,2,2,2,1,4,5,10,10,10,28.9,195,295.2,558.3,941,1008.4,3.26,5.4,7.76,230,26,20.9,9.1,3.77,4.7,49,34,53,FALSE,1820.7,2045,1845.9,2072,685,184.3,156.6,221,113.7
IO2F,mp-29946,8.08,1,5,1.970857096,1.948145701,5,5,5,5.778699875,8,0.722337484,1,2,1,220,140,133,2.66,3.44,3.98,133,73,71,126.9,16,18.9,17,16,17,5,2,2,457.4,90.2,85.03,386.85,54.8,53.5,139,66,57,2,2,2,5,4,5,10,0,0,295.2,141,328,1008.4,1313.9,1681,7.76,0.22,0.26,20.9,3.41,3.27,4.7,0.8,0.56,53,8,9,FALSE,1845.9,3388.3,3374.2,184.3,-182.9,-188.12,113.7,-218.3,-219.6
K2CdO2,mp-27742,2.34,1,3.69742183,3.197854657,2.605895024,3.280435543,2.263954749,5,6.320899963,10,0.632089996,2,1,2,151,95,140,0.82,1.69,3.44,227,151,73,39.1,112.4,16,1,12,16,4,5,2,1032,1040,90.2,336.53,594.22,54.8,203,144,66,1,2,2,0,0,4,0,10,0,48.4,0,141,418.8,867.8,1313.9,2.33,6.3,0.22,76.9,100,3.41,43.4,7.2,0.8,19,48,8,FALSE,3052,1631.4,3388.3,759,767,-182.9,63.38,321.07,-218.3
K2ZnO2,mp-8187,2.2,1,4.466700413,2.896895748,2.95157261,2.756599903,2.026681765,5,5.513199806,10,0.551319981,2,1,2,151,74,140,0.82,1.65,3.44,227,134,73,39.1,65.4,16,1,12,16,4,4,2,1032,1180,90.2,336.53,692.68,54.8,203,122,66,1,2,2,0,0,4,0,10,0,48.4,0,141,418.8,906.4,1313.9,2.33,7.35,0.22,76.9,119,3.41,43.4,5.6,0.8,19,30,8,FALSE,3052,1733.3,3388.3,759,907,-182.9,63.38,419.53,-218.3
Mg(CO2)2,mp-754005,6.99,1,5,5,2.054727914,1.553893358,1.270556691,5,5.417900085,7,0.773985726,1,2,4,72,16,140,1.31,2.55,3.44,160,77,73,24.3,12,16,2,14,16,3,2,2,1363,4300,90.2,923,3823,54.8,141,76,66,2,2,2,0,2,4,0,0,0,0,153.9,141,737.7,1086.5,1313.9,8.7,105,0.22,128,715,3.41,10.6,1.76,0.8,12,6,8,FALSE,1450.7,2352.6,3388.3,1090,4027,-182.9,650,3550,-218.3
Mg(IO3)2,mp-768315,7.14,1,3.202197519,5,2.11575349,5,1.841215539,5,5.270100117,18,0.29278334,1,2,6,72,220,140,1.31,2.66,3.44,160,133,73,24.3,126.9,16,2,17,16,3,5,2,1363,457.4,90.2,923,386.85,54.8,141,139,66,2,2,2,0,5,4,0,10,0,0,295.2,141,737.7,1008.4,1313.9,8.7,7.76,0.22,128,20.9,3.41,10.6,4.7,0.8,12,53,8,FALSE,1450.7,1845.9,3388.3,1090,184.3,-182.9,650,113.7,-218.3
MgInBr3,mp-29483,5.77,1,5,5,2.715926488,5,2.972109591,5,4.002299786,10,0.400229979,1,1,3,72,80,196,1.31,1.78,2.96,160,167,114,24.3,114.8,79.9,2,13,17,3,5,4,1363,2345,332,923,429.75,265.8,141,142,120,2,2,2,0,1,5,0,10,10,0,28.9,324.6,737.7,558.3,1139.9,8.7,3.26,5.8,128,230,14.8,10.6,9.1,3.05,12,49,35,FALSE,1450.7,1820.7,2103,1090,2072,59,650,156.6,-7.3
Mo(HO2)2,mp-626577,7.92,1,3.464089007,5,2.032860506,5,0.979977653,5,3.73119998,14,0.266514284,1,2,4,59,37,140,2.16,2.2,3.44,139,53,73,95.9,1,16,6,1,16,5,1,2,4912,20.28,90.2,2896,14.01,54.8,154,31,66,1,1,2,0,0,4,5,0,0,71.9,72.8,141,684.3,1312,1313.9,36,0.56,0.22,600,0.45,3.41,12.8,0.67,0.8,42,1,8,FALSE,1560,1312,3388.3,4639,-252.87,-182.9,2623,-259.14,-218.3
Mo2Cl8O,mp-653062,6.01,1,3.49675206,2.37758464,1.9075221,5,5,5,10.01309967,22,0.455140894,2,8,1,59,181,140,2.16,3.16,3.44,139,99,73,95.9,35.4,16,6,17,16,5,3,2,4912,239.11,90.2,2896,171.6,54.8,154,102,66,1,2,2,0,5,4,5,0,0,71.9,349,141,684.3,1251.2,1313.9,36,3.2,0.22,600,10.2,3.41,12.8,2.18,0.8,42,17,8,FALSE,1560,2298,3388.3,4639,-34.04,-182.9,2623,-101.5,-218.3
Mo2NCl7,mp-542135,6.12,1,2.782543424,1.860319566,2.425956804,5,5,5,12.25959969,20,0.612979984,2,1,7,59,16,181,2.16,3.04,3.16,139,75,99,95.9,14,35.4,6,15,17,5,2,3,4912,77.36,239.11,2896,63.05,171.6,154,71,102,1,2,2,0,3,5,5,0,0,71.9,7,349,684.3,1402.3,1251.2,36,0.36,3.2,600,2.79,10.2,12.8,1.1,2.18,42,7,17,FALSE,1560,2856,2298,4639,-195.79,-34.04,2623,-210.1,-101.5
Mo2NCl8,mp-680309,6.1,1,5,1.886495515,2.401287623,5,5,5,10.24670029,22,0.465759104,2,1,8,59,16,181,2.16,3.04,3.16,139,75,99,95.9,14,35.4,6,15,17,5,2,3,4912,77.36,239.11,2896,63.05,171.6,154,71,102,1,2,2,0,3,5,5,0,0,71.9,7,349,684.3,1402.3,1251.2,36,0.36,3.2,600,2.79,10.2,12.8,1.1,2.18,42,7,17,FALSE,1560,2856,2298,4639,-195.79,-34.04,2623,-210.1,-101.5
Mo3N2Cl11,mp-680300,6.15,1,5,1.890892768,2.420442749,5,5,5,13.34759998,32,0.417112499,3,2,11,59,16,181,2.16,3.04,3.16,139,75,99,95.9,14,35.4,6,15,17,5,2,3,4912,77.36,239.11,2896,63.05,171.6,154,71,102,1,2,2,0,3,5,5,0,0,71.9,7,349,684.3,1402.3,1251.2,36,0.36,3.2,600,2.79,10.2,12.8,1.1,2.18,42,7,17,FALSE,1560,2856,2298,4639,-195.79,-34.04,2623,-210.1,-101.5
Mo3S7Cl4,mp-640341,6.17,1,2.746967516,2.441076909,2.490777418,2.022359263,5,5,12.23900032,28,0.437107154,3,7,4,59,184,181,2.16,2.58,3.16,139,102,99,95.9,32.1,35.4,6,16,17,5,3,3,4912,717.87,239.11,2896,388.36,171.6,154,105,102,1,2,2,0,4,5,5,0,0,71.9,200,349,684.3,999.6,1251.2,36,1.73,3.2,600,9.8,10.2,12.8,2.9,2.18,42,16,17,FALSE,1560,2252,2298,4639,444.72,-34.04,2623,115.21,-101.5
MoCl3O,mp-25062,5.98,1,5,2.489473396,1.685409407,5,5,5,6.239299774,10,0.623929977,1,3,1,59,181,140,2.16,3.16,3.44,139,99,73,95.9,35.4,16,6,17,16,5,3,2,4912,239.11,90.2,2896,171.6,54.8,154,102,66,1,2,2,0,5,4,5,0,0,71.9,349,141,684.3,1251.2,1313.9,36,3.2,0.22,600,10.2,3.41,12.8,2.18,0.8,42,17,8,FALSE,1560,2298,3388.3,4639,-34.04,-182.9,2623,-101.5,-218.3
MoOF4,mp-504575,9.88,1,5,1.683277568,1.996877947,5,5,5,5.630400181,12,0.469200015,1,1,4,59,140,133,2.16,3.44,3.98,139,73,71,95.9,16,18.9,6,16,17,5,2,2,4912,90.2,85.03,2896,54.8,53.5,154,66,57,1,2,2,0,4,5,5,0,0,71.9,141,328,684.3,1313.9,1681,36,0.22,0.26,600,3.41,3.27,12.8,0.8,0.56,42,8,9,FALSE,1560,3388.3,3374.2,4639,-182.9,-188.12,2623,-218.3,-219.6
MoS2Cl3,mp-27866,6.82,1,2.848175908,2.440371275,2.488193036,1.998900682,5,5,6.236199856,12,0.519683321,1,2,3,59,184,181,2.16,2.58,3.16,139,102,99,95.9,32.1,35.4,6,16,17,5,3,3,4912,717.87,239.11,2896,388.36,171.6,154,105,102,1,2,2,0,4,5,5,0,0,71.9,200,349,684.3,999.6,1251.2,36,1.73,3.2,600,9.8,10.2,12.8,2.9,2.18,42,16,17,FALSE,1560,2252,2298,4639,444.72,-34.04,2623,115.21,-101.5
Nb2OF8,mp-758829,9.83,1,3.220364514,1.950481578,1.971621809,5,5,5,9.34980011,22,0.424990914,2,1,8,64,140,133,1.6,3.44,3.98,146,73,71,92.9,16,18.9,5,16,17,5,2,2,5017,90.2,85.03,2750,54.8,53.5,164,66,57,1,2,2,0,4,5,4,0,0,86.1,141,328,652.1,1313.9,1681,26.8,0.22,0.26,690,3.41,3.27,15.7,0.8,0.56,41,8,9,FALSE,1380,3388.3,3374.2,4744,-182.9,-188.12,2477,-218.3,-219.6
Nb3Se10Br3,mp-567731,5.57,1,3.107511464,2.679276604,2.711133987,2.348606342,5,5,19.61800003,32,0.613062501,3,10,3,64,198,196,1.6,2.55,2.96,146,116,114,92.9,78.9,79.9,5,16,17,5,4,4,5017,958,332,2750,494,265.8,164,120,120,1,2,2,0,4,5,4,10,10,86.1,195,324.6,652.1,941,1139.9,26.8,5.4,5.8,690,26,14.8,15.7,3.77,3.05,41,34,35,FALSE,1380,2045,2103,4744,685,59,2477,221,-7.3
Nb3Se10Cl3,mp-571061,5.53,1,3.130648771,2.688457847,2.523715016,2.339560633,5,5,19.34410095,32,0.604503155,3,10,3,64,198,181,1.6,2.55,3.16,146,116,99,92.9,78.9,35.4,5,16,17,5,4,3,5017,958,239.11,2750,494,171.6,164,120,102,1,2,2,0,4,5,4,10,0,86.1,195,349,652.1,941,1251.2,26.8,5.4,3.2,690,26,10.2,15.7,3.77,2.18,41,34,17,FALSE,1380,2045,2298,4744,685,-34.04,2477,221,-101.5
Nb3Se5Cl7,mp-540615,5.7,1,3.270692361,2.60851563,2.589306373,2.311364547,5,5,12.77330017,30,0.425776672,3,5,7,64,198,181,1.6,2.55,3.16,146,116,99,92.9,78.9,35.4,5,16,17,5,4,3,5017,958,239.11,2750,494,171.6,164,120,102,1,2,2,0,4,5,4,10,0,86.1,195,349,652.1,941,1251.2,26.8,5.4,3.2,690,26,10.2,15.7,3.77,2.18,41,34,17,FALSE,1380,2045,2298,4744,685,-34.04,2477,221,-101.5
Nb6SI9,mp-654051,4.52,1,3.045005362,2.476513675,2.898892109,5,5,5,12.03269959,32,0.376021862,6,1,9,64,184,220,1.6,2.58,2.66,146,102,133,92.9,32.1,126.9,5,16,17,5,3,5,5017,717.87,457.4,2750,388.36,386.85,164,105,139,1,2,2,0,4,5,4,0,10,86.1,200,295.2,652.1,999.6,1008.4,26.8,1.73,7.76,690,9.8,20.9,15.7,2.9,4.7,41,16,53,FALSE,1380,2252,1845.9,4744,444.72,184.3,2477,115.21,113.7
NbBr3O,mp-606393,7.06,1,5,2.594332682,2.000997084,5,5,5,3.993299961,10,0.399329996,1,3,1,64,196,140,1.6,2.96,3.44,146,114,73,92.9,79.9,16,5,17,16,5,4,2,5017,332,90.2,2750,265.8,54.8,164,120,66,1,2,2,0,5,4,4,10,0,86.1,324.6,141,652.1,1139.9,1313.9,26.8,5.8,0.22,690,14.8,3.41,15.7,3.05,0.8,41,35,8,FALSE,1380,2103,3388.3,4744,59,-182.9,2477,-7.3,-218.3
NbCl3O,mp-556422,8.06,1,5,2.437848768,2.001648716,5,5,5,3.992399931,10,0.399239993,1,3,1,64,181,140,1.6,3.16,3.44,146,99,73,92.9,35.4,16,5,17,16,5,3,2,5017,239.11,90.2,2750,171.6,54.8,164,102,66,1,2,2,0,5,4,4,0,0,86.1,349,141,652.1,1251.2,1313.9,26.8,3.2,0.22,690,10.2,3.41,15.7,2.18,0.8,41,17,8,FALSE,1380,2298,3388.3,4744,-34.04,-182.9,2477,-101.5,-218.3
NbI3O,mp-546285,5.74,1,5,2.810898681,2.008018564,5,5,5,4.012499809,10,0.401249981,1,3,1,64,220,140,1.6,2.66,3.44,146,133,73,92.9,126.9,16,5,17,16,5,5,2,5017,457.4,90.2,2750,386.85,54.8,164,139,66,1,2,2,0,5,4,4,10,0,86.1,295.2,141,652.1,1008.4,1313.9,26.8,7.76,0.22,690,20.9,3.41,15.7,4.7,0.8,41,53,8,FALSE,1380,1845.9,3388.3,4744,184.3,-182.9,2477,113.7,-218.3
NbOF3,mp-753785,9.21,1,3.474194147,1.985026398,2.005910934,5,5,5,3.959000111,10,0.395900011,1,1,3,64,140,133,1.6,3.44,3.98,146,73,71,92.9,16,18.9,5,16,17,5,2,2,5017,90.2,85.03,2750,54.8,53.5,164,66,57,1,2,2,0,4,5,4,0,0,86.1,141,328,652.1,1313.9,1681,26.8,0.22,0.26,690,3.41,3.27,15.7,0.8,0.56,41,8,9,FALSE,1380,3388.3,3374.2,4744,-182.9,-188.12,2477,-218.3,-219.6
NbSbF10,mp-27472,10.13,1,5,5,1.968289804,5,1.939057945,5,5.793399811,12,0.482783318,1,1,10,64,76,133,1.6,2.05,3.98,146,138,71,92.9,121.7,18.9,5,15,17,5,5,2,5017,1860,85.03,2750,903.78,53.5,164,139,57,1,2,2,0,3,5,4,10,0,86.1,103.2,328,652.1,834,1681,26.8,19.7,0.26,690,67,3.27,15.7,6.6,0.56,41,51,9,FALSE,1380,1594.9,3374.2,4744,1587,-188.12,2477,630.63,-219.6
NbSeBr3,mp-23498,5.59,1,2.868926242,2.645606503,2.669345282,2.328840488,5,5,12.81449986,20,0.640724993,1,1,3,64,198,196,1.6,2.55,2.96,146,116,114,92.9,78.9,79.9,5,16,17,5,4,4,5017,958,332,2750,494,265.8,164,120,120,1,2,2,0,4,5,4,10,10,86.1,195,324.6,652.1,941,1139.9,26.8,5.4,5.8,690,26,14.8,15.7,3.77,3.05,41,34,35,FALSE,1380,2045,2103,4744,685,59,2477,221,-7.3
NbSeCl3,mp-570270,5.69,1,2.832142985,2.65922097,2.507166831,2.313932154,5,5,12.20720005,20,0.610360003,1,1,3,64,198,181,1.6,2.55,3.16,146,116,99,92.9,78.9,35.4,5,16,17,5,4,3,5017,958,239.11,2750,494,171.6,164,120,102,1,2,2,0,4,5,4,10,0,86.1,195,349,652.1,941,1251.2,26.8,5.4,3.2,690,26,10.2,15.7,3.77,2.18,41,34,17,FALSE,1380,2045,2298,4744,685,-34.04,2477,221,-101.5
NbSeI3,mp-541817,5.46,1,2.949058181,2.641164588,2.883882938,2.324078556,5,5,13.79459953,20,0.689729977,1,1,3,64,198,220,1.6,2.55,2.66,146,116,133,92.9,78.9,126.9,5,16,17,5,4,5,5017,958,457.4,2750,494,386.85,164,120,139,1,2,2,0,4,5,4,10,10,86.1,195,295.2,652.1,941,1008.4,26.8,5.4,7.76,690,26,20.9,15.7,3.77,4.7,41,34,53,FALSE,1380,2045,1845.9,4744,685,184.3,2477,221,113.7
NbTeBr3,mp-28038,5.38,1,2.917373428,2.860684577,2.67200079,2.677618061,5,5,12.87139988,20,0.643569994,1,1,3,64,221,196,1.6,2.1,2.96,146,135,114,92.9,127.6,79.9,5,16,17,5,5,4,5017,1261,332,2750,722.66,265.8,164,138,120,1,2,2,0,4,5,4,10,10,86.1,190.2,324.6,652.1,869.3,1139.9,26.8,17.5,5.8,690,48,14.8,15.7,5.5,3.05,41,52,35,FALSE,1380,1790,2103,4744,988,59,2477,449.51,-7.3
NbTeI3,mp-540924,5.22,1,2.990529819,2.84759696,2.888393531,2.685708525,5,5,13.8142004,20,0.69071002,1,1,3,64,221,220,1.6,2.1,2.66,146,135,133,92.9,127.6,126.9,5,16,17,5,5,5,5017,1261,457.4,2750,722.66,386.85,164,138,139,1,2,2,0,4,5,4,10,10,86.1,190.2,295.2,652.1,869.3,1008.4,26.8,17.5,7.76,690,48,20.9,15.7,5.5,4.7,41,52,53,FALSE,1380,1790,1845.9,4744,988,184.3,2477,449.51,113.7
NbXeF11,mp-28135,7.11,1,5,5,1.946426897,5,1.983524688,5,5.552999973,13,0.427153844,1,1,11,64,130,133,1.6,2.6,3.98,146,130,71,92.9,131.2,18.9,5,18,17,5,5,2,5017,165.1,85.03,2750,161.3,53.5,164,140,57,1,2,2,0,6,5,4,10,0,86.1,0,328,652.1,1170.4,1681,26.8,2.3,0.26,690,12.64,3.27,15.7,4.04,0.56,41,54,9,FALSE,1380,2046.4,3374.2,4744,-108,-188.12,2477,-111.8,-219.6
OsO2F3,mp-557705,7.17,1,5,1.706753889,2.007955528,5,5,5,5.262199879,12,0.438516657,1,2,3,63,140,133,2.2,3.44,3.98,135,73,71,190.2,16,18.9,8,16,17,6,2,2,5285,90.2,85.03,3306,54.8,53.5,144,66,57,2,2,2,0,4,5,6,0,0,106.1,141,328,840,1313.9,1681,31,0.22,0.26,630,3.41,3.27,8.5,0.8,0.56,76,8,9,FALSE,1600,3388.3,3374.2,5012,-182.9,-188.12,3033,-218.3,-219.6
OsO3F2,mp-28845,9,1,5,1.714575677,2.078525775,5,5,5,5.172800064,12,0.431066672,1,3,2,63,140,133,2.2,3.44,3.98,135,73,71,190.2,16,18.9,8,16,17,6,2,2,5285,90.2,85.03,3306,54.8,53.5,144,66,57,2,2,2,0,4,5,6,0,0,106.1,141,328,840,1313.9,1681,31,0.22,0.26,630,3.41,3.27,8.5,0.8,0.56,76,8,9,FALSE,1600,3388.3,3374.2,5012,-182.9,-188.12,3033,-218.3,-219.6
OsOF4,mp-561449,7.44,1,5,1.683490047,1.961460266,5,5,5,5.708300114,12,0.475691676,1,1,4,63,140,133,2.2,3.44,3.98,135,73,71,190.2,16,18.9,8,16,17,6,2,2,5285,90.2,85.03,3306,54.8,53.5,144,66,57,2,2,2,0,4,5,6,0,0,106.1,141,328,840,1313.9,1681,31,0.22,0.26,630,3.41,3.27,8.5,0.8,0.56,76,8,9,FALSE,1600,3388.3,3374.2,5012,-182.9,-188.12,3033,-218.3,-219.6
PAuCl4,mp-23355,6.2,1,5,2.22449301,2.029668685,5,2.287095291,5,6.57310009,12,0.547758341,1,1,4,17,85,181,2.19,2.4,3.16,106,144,99,31,197,35.4,15,11,17,3,6,3,553.6,3129,239.11,317.3,1337.33,171.6,107,136,102,2,1,2,3,0,5,0,10,0,71,222.8,349,1011.8,890.1,1251.2,0.64,12.5,3.2,12.4,330,10.2,3.63,5.8,2.18,15,79,17,FALSE,1907,1980,2298,280.5,2856,-34.04,44.2,1064.18,-101.5
PAuS4,mp-30938,6.14,1,5,5,2.056593163,5,2.378208743,5,12.50389957,12,1.041991631,1,1,4,17,85,184,2.19,2.4,2.58,106,144,102,31,197,32.1,15,11,16,3,6,3,553.6,3129,717.87,317.3,1337.33,388.36,107,136,105,2,1,2,3,0,4,0,10,0,71,222.8,200,1011.8,890.1,999.6,0.64,12.5,1.73,12.4,330,9.8,3.63,5.8,2.9,15,79,16,FALSE,1907,1980,2252,280.5,2856,444.72,44.2,1064.18,115.21
Pb(BrO3)2,mp-769016,6.96,1,5,5,5,5,1.70115381,5,6.202199936,18,0.344566663,1,2,6,119,196,140,1.8,2.96,3.44,175,114,73,207.2,79.9,16,14,17,16,6,4,2,2022,332,90.2,600.61,265.8,54.8,146,120,66,2,2,2,2,5,4,10,10,0,35.1,324.6,141,715.6,1139.9,1313.9,4.77,5.8,0.22,178,14.8,3.41,6.8,3.05,0.8,82,35,8,FALSE,1450.5,2103,3388.3,1749,59,-182.9,327.46,-7.3,-218.3
Pb(CO2)2,mp-22747,6.56,1,5,5,2.477098906,1.556429198,1.269020391,5,8.981100082,14,0.641507149,1,2,4,119,16,140,1.8,2.55,3.44,175,77,73,207.2,12,16,14,14,16,6,2,2,2022,4300,90.2,600.61,3823,54.8,146,76,66,2,2,2,2,2,4,10,0,0,35.1,153.9,141,715.6,1086.5,1313.9,4.77,105,0.22,178,715,3.41,6.8,1.76,0.8,82,6,8,FALSE,1450.5,2352.6,3388.3,1749,4027,-182.9,327.46,3550,-218.3
Pb(IO3)2,mp-28857,9.47,1,5,5,2.429058568,5,1.85210773,5,6.166399956,18,0.342577775,1,2,6,119,220,140,1.8,2.66,3.44,175,133,73,207.2,126.9,16,14,17,16,6,5,2,2022,457.4,90.2,600.61,386.85,54.8,146,139,66,2,2,2,2,5,4,10,10,0,35.1,295.2,141,715.6,1008.4,1313.9,4.77,7.76,0.22,178,20.9,3.41,6.8,4.7,0.8,82,53,8,FALSE,1450.5,1845.9,3388.3,1749,184.3,-182.9,327.46,113.7,-218.3
Pb3(BrO)2,mp-505284,5.93,1,5,2.822731412,2.359950722,5,5,5,5.989600182,14,0.427828584,3,2,2,119,196,140,1.8,2.96,3.44,175,114,73,207.2,79.9,16,14,17,16,6,4,2,2022,332,90.2,600.61,265.8,54.8,146,120,66,2,2,2,2,5,4,10,10,0,35.1,324.6,141,715.6,1139.9,1313.9,4.77,5.8,0.22,178,14.8,3.41,6.8,3.05,0.8,82,35,8,FALSE,1450.5,2103,3388.3,1749,59,-182.9,327.46,-7.3,-218.3
Pb3(IO)2,mp-619661,5.88,1,5,3.10752299,2.366702431,5,5,5,6.006299973,14,0.429021427,3,2,2,119,220,140,1.8,2.66,3.44,175,133,73,207.2,126.9,16,14,17,16,6,5,2,2022,457.4,90.2,600.61,386.85,54.8,146,139,66,2,2,2,2,5,4,10,10,0,35.1,295.2,141,715.6,1008.4,1313.9,4.77,7.76,0.22,178,20.9,3.41,6.8,4.7,0.8,82,53,8,FALSE,1450.5,1845.9,3388.3,1749,184.3,-182.9,327.46,113.7,-218.3
Pb4SeBr6,mp-655489,6.59,1,5,2.821888881,3.010612039,5,5,5,4.382199764,11,0.398381797,4,1,6,119,198,196,1.8,2.55,2.96,175,116,114,207.2,78.9,79.9,14,16,17,6,4,4,2022,958,332,600.61,494,265.8,146,120,120,2,2,2,2,4,5,10,10,10,35.1,195,324.6,715.6,941,1139.9,4.77,5.4,5.8,178,26,14.8,6.8,3.77,3.05,82,34,35,FALSE,1450.5,2045,2103,1749,685,59,327.46,221,-7.3
PbBrCl,mp-22997,6.61,1,5,2.619215189,2.772466952,5,5,5,4.63049984,3,1.543499947,1,1,1,119,196,181,1.8,2.96,3.16,175,114,99,207.2,79.9,35.4,14,17,17,6,4,3,2022,332,239.11,600.61,265.8,171.6,146,120,102,2,2,2,2,5,5,10,10,0,35.1,324.6,349,715.6,1139.9,1251.2,4.77,5.8,3.2,178,14.8,10.2,6.8,3.05,2.18,82,35,17,FALSE,1450.5,2103,2298,1749,59,-34.04,327.46,-7.3,-101.5
PbCN2,mp-19727,5.08,1,5,5,2.522765349,5,1.238490943,5,3.891499996,8,0.4864375,1,1,2,119,16,16,1.8,2.55,3.04,175,77,75,207.2,12,14,14,14,15,6,2,2,2022,4300,77.36,600.61,3823,63.05,146,76,71,2,2,2,2,2,3,10,0,0,35.1,153.9,7,715.6,1086.5,1402.3,4.77,105,0.36,178,715,2.79,6.8,1.76,1.1,82,6,7,FALSE,1450.5,2352.6,2856,1749,4027,-195.79,327.46,3550,-210.1
PbIBr,mp-571465,6.34,1,5,3.104479623,2.844947148,5,5,5,4.397999764,6,0.732999961,1,1,1,119,220,196,1.8,2.66,2.96,175,133,114,207.2,126.9,79.9,14,17,17,6,5,4,2022,457.4,332,600.61,386.85,265.8,146,139,120,2,2,2,2,5,5,10,10,10,35.1,295.2,324.6,715.6,1008.4,1139.9,4.77,7.76,5.8,178,20.9,14.8,6.8,4.7,3.05,82,53,35,FALSE,1450.5,1845.9,2103,1749,184.3,59,327.46,113.7,-7.3
PbS2O3,mp-21904,6.74,1,5,2.875746412,2.360596089,2.099017628,1.481884032,5,7.043900013,12,0.586991668,1,2,3,119,184,140,1.8,2.58,3.44,175,102,73,207.2,32.1,16,14,16,16,6,3,2,2022,717.87,90.2,600.61,388.36,54.8,146,105,66,2,2,2,2,4,4,10,0,0,35.1,200,141,715.6,999.6,1313.9,4.77,1.73,0.22,178,9.8,3.41,6.8,2.9,0.8,82,16,8,FALSE,1450.5,2252,3388.3,1749,444.72,-182.9,327.46,115.21,-218.3
PbSeO3,mp-20716,5.94,1,5,5,2.223687166,5,1.734483056,5,5.651100159,5,1.130220032,1,1,3,119,198,140,1.8,2.55,3.44,175,116,73,207.2,78.9,16,14,16,16,6,4,2,2022,958,90.2,600.61,494,54.8,146,120,66,2,2,2,2,4,4,10,10,0,35.1,195,141,715.6,941,1313.9,4.77,5.4,0.22,178,26,3.41,6.8,3.77,0.8,82,34,8,FALSE,1450.5,2045,3388.3,1749,685,-182.9,327.46,221,-218.3
PbSO3,mp-20507,5.76,1,5,5,2.266427817,5,1.553817028,5,5.545000076,10,0.554500008,1,1,3,119,184,140,1.8,2.58,3.44,175,102,73,207.2,32.1,16,14,16,16,6,3,2,2022,717.87,90.2,600.61,388.36,54.8,146,105,66,2,2,2,2,4,4,10,0,0,35.1,200,141,715.6,999.6,1313.9,4.77,1.73,0.22,178,9.8,3.41,6.8,2.9,0.8,82,16,8,FALSE,1450.5,2252,3388.3,1749,444.72,-182.9,327.46,115.21,-218.3
PbSO4,mp-623984,6.83,1,5,5,2.248802421,5,1.504442816,5,5.29090023,6,0.881816705,1,1,4,119,184,140,1.8,2.58,3.44,175,102,73,207.2,32.1,16,14,16,16,6,3,2,2022,717.87,90.2,600.61,388.36,54.8,146,105,66,2,2,2,2,4,4,10,0,0,35.1,200,141,715.6,999.6,1313.9,4.77,1.73,0.22,178,9.8,3.41,6.8,2.9,0.8,82,16,8,FALSE,1450.5,2252,3388.3,1749,444.72,-182.9,327.46,115.21,-218.3
Pd(Se3Br)2,mp-568146,5.98,1,5,2.432547807,2.454912736,2.400375493,5,5,8.667200089,9,0.963022232,1,6,2,64,198,196,2.2,2.55,2.96,137,116,114,106.4,78.9,79.9,10,16,17,5,4,4,3236,958,332,1828.05,494,265.8,139,120,120,0,2,2,0,4,5,10,10,10,53.7,195,324.6,804.4,941,1139.9,16.7,5.4,5.8,380,26,14.8,4.8,3.77,3.05,46,34,35,FALSE,1870,2045,2103,2963,685,59,1554.9,221,-7.3
Pd(Se3Cl)2,mp-29469,6.08,1,5,2.43517158,2.316225812,2.396657592,5,5,8.60229969,9,0.955811077,1,6,2,64,198,181,2.2,2.55,3.16,137,116,99,106.4,78.9,35.4,10,16,17,5,4,3,3236,958,239.11,1828.05,494,171.6,139,120,102,0,2,2,0,4,5,10,10,0,53.7,195,349,804.4,941,1251.2,16.7,5.4,3.2,380,26,10.2,4.8,3.77,2.18,46,34,17,FALSE,1870,2045,2298,2963,685,-34.04,1554.9,221,-101.5
PdSe2O5,mp-4649,5.43,1,5,5,2.036928651,5,1.751179071,5,7.475999832,16,0.46724999,1,2,5,64,198,140,2.2,2.55,3.44,137,116,73,106.4,78.9,16,10,16,16,5,4,2,3236,958,90.2,1828.05,494,54.8,139,120,66,0,2,2,0,4,4,10,10,0,53.7,195,141,804.4,941,1313.9,16.7,5.4,0.22,380,26,3.41,4.8,3.77,0.8,46,34,8,FALSE,1870,2045,3388.3,2963,685,-182.9,1554.9,221,-218.3
PNF2,mp-560008,7.22,1,5,1.560632006,1.56520225,5,5,5,4.999499798,8,0.624937475,1,1,2,17,16,133,2.19,3.04,3.98,106,75,71,31,14,18.9,15,15,17,3,2,2,553.6,77.36,85.03,317.3,63.05,53.5,107,71,57,2,2,2,3,3,5,0,0,0,71,7,328,1011.8,1402.3,1681,0.64,0.36,0.26,12.4,2.79,3.27,3.63,1.1,0.56,15,7,9,FALSE,1907,2856,3374.2,280.5,-195.79,-188.12,44.2,-210.1,-219.6
Rb2CdO2,mp-28364,2.24,1,3.927495582,3.281972267,2.720028814,3.313502965,2.265948306,5,6.386300087,10,0.638630009,2,1,2,161,95,140,0.82,1.69,3.44,248,151,73,85.4,112.4,16,1,12,16,5,5,2,961,1040,90.2,312.46,594.22,54.8,220,144,66,1,2,2,0,0,4,0,10,0,46.9,0,141,403,867.8,1313.9,2.19,6.3,0.22,71,100,3.41,47.3,7.2,0.8,37,48,8,FALSE,2633,1631.4,3388.3,688,767,-182.9,39.31,321.07,-218.3
ReO2F3,mp-641112,9.09,1,5,1.705365221,2.003258663,5,5,5,9.524399757,24,0.39684999,1,2,3,53,140,133,1.9,3.44,3.98,137,73,71,186.2,16,18.9,7,16,17,6,2,2,5869,90.2,85.03,3459,54.8,53.5,151,66,57,2,2,2,0,4,5,5,0,0,14.5,141,328,760,1313.9,1681,33,0.22,0.26,705,3.41,3.27,9.7,0.8,0.56,75,8,9,FALSE,1260,3388.3,3374.2,5596,-182.9,-188.12,3186,-218.3,-219.6
ReO3F,mp-573051,9.06,1,3.283616314,1.814464689,2.172278401,5,5,5,6.945899963,15,0.463059998,1,3,1,53,140,133,1.9,3.44,3.98,137,73,71,186.2,16,18.9,7,16,17,6,2,2,5869,90.2,85.03,3459,54.8,53.5,151,66,57,2,2,2,0,4,5,5,0,0,14.5,141,328,760,1313.9,1681,33,0.22,0.26,705,3.41,3.27,9.7,0.8,0.56,75,8,9,FALSE,1260,3388.3,3374.2,5596,-182.9,-188.12,3186,-218.3,-219.6
ReOF4,mp-622116,6.3,1,5,1.677906342,2.001575458,5,5,5,5.659500122,12,0.47162501,1,1,4,53,140,133,1.9,3.44,3.98,137,73,71,186.2,16,18.9,7,16,17,6,2,2,5869,90.2,85.03,3459,54.8,53.5,151,66,57,2,2,2,0,4,5,5,0,0,14.5,141,328,760,1313.9,1681,33,0.22,0.26,705,3.41,3.27,9.7,0.8,0.56,75,8,9,FALSE,1260,3388.3,3374.2,5596,-182.9,-188.12,3186,-218.3,-219.6
RuOF4,mp-683982,8.13,1,5,1.673941796,1.954637089,5,5,5,5.74090004,24,0.239204168,1,1,4,68,140,133,2.2,3.44,3.98,134,73,71,101,16,18.9,8,16,17,5,2,2,4423,90.2,85.03,2607,54.8,53.5,146,66,57,1,2,2,0,4,5,7,0,0,101.3,141,328,710.2,1313.9,1681,25.7,0.22,0.26,580,3.41,3.27,9.6,0.8,0.56,44,8,9,FALSE,1620,3388.3,3374.2,4150,-182.9,-188.12,2334,-218.3,-219.6
S2I2O11,mp-29492,8.12,1,5,5,1.513853037,3.098930557,2.010245432,5,9.369799614,15,0.624653308,2,2,11,184,220,140,2.58,2.66,3.44,102,133,73,32.1,126.9,16,16,17,16,3,5,2,717.87,457.4,90.2,388.36,386.85,54.8,105,139,66,2,2,2,4,5,4,0,10,0,200,295.2,141,999.6,1008.4,1313.9,1.73,7.76,0.22,9.8,20.9,3.41,2.9,4.7,0.8,16,53,8,FALSE,2252,1845.9,3388.3,444.72,184.3,-182.9,115.21,113.7,-218.3
Sb2BrF15,mp-556436,9.59,1,5,5,1.935889071,5,1.775066337,5,17.62360001,36,0.489544445,2,1,15,76,196,133,2.05,2.96,3.98,138,114,71,121.7,79.9,18.9,15,17,17,5,4,2,1860,332,85.03,903.78,265.8,53.5,139,120,57,2,2,2,3,5,5,10,10,0,103.2,324.6,328,834,1139.9,1681,19.7,5.8,0.26,67,14.8,3.27,6.6,3.05,0.56,51,35,9,FALSE,1594.9,2103,3374.2,1587,59,-188.12,630.63,-7.3,-219.6
Sb2OF8,mp-758899,9.93,1,3.143905678,1.948524057,1.971913752,5,5,5,9.171500206,22,0.416886373,2,1,8,76,140,133,2.05,3.44,3.98,138,73,71,121.7,16,18.9,15,16,17,5,2,2,1860,90.2,85.03,903.78,54.8,53.5,139,66,57,2,2,2,3,4,5,10,0,0,103.2,141,328,834,1313.9,1681,19.7,0.22,0.26,67,3.41,3.27,6.6,0.8,0.56,51,8,9,FALSE,1594.9,3388.3,3374.2,1587,-182.9,-188.12,630.63,-218.3,-219.6
Sb2Pb2S5,mp-504814,5.39,1,5,5,2.743737035,5,2.562586351,5,4.00699997,18,0.222611109,2,2,5,119,76,184,1.8,2.05,2.58,175,138,102,207.2,121.7,32.1,14,15,16,6,5,3,2022,1860,717.87,600.61,903.78,388.36,146,139,105,2,2,2,2,3,4,10,10,0,35.1,103.2,200,715.6,834,999.6,4.77,19.7,1.73,178,67,9.8,6.8,6.6,2.9,82,51,16,FALSE,1450.5,1594.9,2252,1749,1587,444.72,327.46,630.63,115.21
Sb3Au3F22,mp-554764,8.95,1,5,5,1.949007882,5,2.073678971,5,10.9762001,56,0.196003573,3,3,22,76,85,133,2.05,2.4,3.98,138,144,71,121.7,197,18.9,15,11,17,5,6,2,1860,3129,85.03,903.78,1337.33,53.5,139,136,57,2,1,2,3,0,5,10,10,0,103.2,222.8,328,834,890.1,1681,19.7,12.5,0.26,67,330,3.27,6.6,5.8,0.56,51,79,9,FALSE,1594.9,1980,3374.2,1587,2856,-188.12,630.63,1064.18,-219.6
Sb4O5F2,mp-759602,5.76,1,5,2.105607971,2.048687438,5,5,5,5.588200092,44,0.127004548,4,5,2,76,140,133,2.05,3.44,3.98,138,73,71,121.7,16,18.9,15,16,17,5,2,2,1860,90.2,85.03,903.78,54.8,53.5,139,66,57,2,2,2,3,4,5,10,0,0,103.2,141,328,834,1313.9,1681,19.7,0.22,0.26,67,3.41,3.27,6.6,0.8,0.56,51,8,9,FALSE,1594.9,3388.3,3374.2,1587,-182.9,-188.12,630.63,-218.3,-219.6
Sb4S5Cl2,mp-29573,6.09,1,5,2.517047289,2.409790964,5,5,5,9.539699554,22,0.433622707,4,5,2,76,184,181,2.05,2.58,3.16,138,102,99,121.7,32.1,35.4,15,16,17,5,3,3,1860,717.87,239.11,903.78,388.36,171.6,139,105,102,2,2,2,3,4,5,10,0,0,103.2,200,349,834,999.6,1251.2,19.7,1.73,3.2,67,9.8,10.2,6.6,2.9,2.18,51,16,17,FALSE,1594.9,2252,2298,1587,444.72,-34.04,630.63,115.21,-101.5
Sb5O7F,mp-757173,5.77,1,5,2.157093097,2.063918316,5,5,5,4.149499893,26,0.15959615,5,7,1,76,140,133,2.05,3.44,3.98,138,73,71,121.7,16,18.9,15,16,17,5,2,2,1860,90.2,85.03,903.78,54.8,53.5,139,66,57,2,2,2,3,4,5,10,0,0,103.2,141,328,834,1313.9,1681,19.7,0.22,0.26,67,3.41,3.27,6.6,0.8,0.56,51,8,9,FALSE,1594.9,3388.3,3374.2,1587,-182.9,-188.12,630.63,-218.3,-219.6
SbAsF8,mp-27317,9.67,1,5,5,1.941810549,5,1.929358164,5,7.013000011,10,0.701300001,1,1,8,76,58,133,2.05,2.18,3.98,138,119,71,121.7,74.9,18.9,15,15,17,5,4,2,1860,887,85.03,903.78,1090,53.5,139,119,57,2,2,2,3,3,5,10,10,0,103.2,78,328,834,947,1681,19.7,27.7,0.26,67,32.4,3.27,6.6,4.31,0.56,51,33,9,FALSE,1594.9,1798,3374.2,1587,614,-188.12,630.63,817,-219.6
SbI3Cl8,mp-23536,6.92,1,5,5,2.4245844,2.933918097,2.58752035,5,10.81779957,12,0.901483297,1,3,8,76,220,181,2.05,2.66,3.16,138,133,99,121.7,126.9,35.4,15,17,17,5,5,3,1860,457.4,239.11,903.78,386.85,171.6,139,139,102,2,2,2,3,5,5,10,10,0,103.2,295.2,349,834,1008.4,1251.2,19.7,7.76,3.2,67,20.9,10.2,6.6,4.7,2.18,51,53,17,FALSE,1594.9,1845.9,2298,1587,184.3,-34.04,630.63,113.7,-101.5
SbOF,mp-7609,6.81,1,5,2.125058101,1.933060683,5,5,5,4.157400131,6,0.692900022,1,1,1,76,140,133,2.05,3.44,3.98,138,73,71,121.7,16,18.9,15,16,17,5,2,2,1860,90.2,85.03,903.78,54.8,53.5,139,66,57,2,2,2,3,4,5,10,0,0,103.2,141,328,834,1313.9,1681,19.7,0.22,0.26,67,3.41,3.27,6.6,0.8,0.56,51,8,9,FALSE,1594.9,3388.3,3374.2,1587,-182.9,-188.12,630.63,-218.3,-219.6
SbOF3,mp-758096,9.05,1,5,1.902643329,1.997456666,5,5,5,3.76880002,10,0.376880002,1,1,3,76,140,133,2.05,3.44,3.98,138,73,71,121.7,16,18.9,15,16,17,5,2,2,1860,90.2,85.03,903.78,54.8,53.5,139,66,57,2,2,2,3,4,5,10,0,0,103.2,141,328,834,1313.9,1681,19.7,0.22,0.26,67,3.41,3.27,6.6,0.8,0.56,51,8,9,FALSE,1594.9,3388.3,3374.2,1587,-182.9,-188.12,630.63,-218.3,-219.6
SbPS4,mp-572597,6.21,1,5,5,2.574289022,5,2.061553927,5,6.40199995,36,0.177833332,1,1,4,76,17,184,2.05,2.19,2.58,138,106,102,121.7,31,32.1,15,15,16,5,3,3,1860,553.6,717.87,903.78,317.3,388.36,139,107,105,2,2,2,3,3,4,10,0,0,103.2,71,200,834,1011.8,999.6,19.7,0.64,1.73,67,12.4,9.8,6.6,3.63,2.9,51,15,16,FALSE,1594.9,1907,2252,1587,280.5,444.72,630.63,44.2,115.21
SbSBr,mp-22971,6.09,1,5,2.649901181,2.874867526,5,5,5,3.987299919,6,0.664549987,1,1,1,76,184,196,2.05,2.58,2.96,138,102,114,121.7,32.1,79.9,15,16,17,5,3,4,1860,717.87,332,903.78,388.36,265.8,139,105,120,2,2,2,3,4,5,10,0,10,103.2,200,324.6,834,999.6,1139.9,19.7,1.73,5.8,67,9.8,14.8,6.6,2.9,3.05,51,16,35,FALSE,1594.9,2252,2103,1587,444.72,59,630.63,115.21,-7.3
SbSeI,mp-22996,5.7,1,5,2.774618993,3.158304896,5,5,5,4.176400185,6,0.696066697,1,1,1,76,198,220,2.05,2.55,2.66,138,116,133,121.7,78.9,126.9,15,16,17,5,4,5,1860,958,457.4,903.78,494,386.85,139,120,139,2,2,2,3,4,5,10,10,10,103.2,195,295.2,834,941,1008.4,19.7,5.4,7.76,67,26,20.9,6.6,3.77,4.7,51,34,53,FALSE,1594.9,2045,1845.9,1587,685,184.3,630.63,221,113.7
SbSI,mp-23041,5.94,1,5,2.662113135,3.071795028,5,5,5,4.113900185,6,0.685650031,1,1,1,76,184,220,2.05,2.58,2.66,138,102,133,121.7,32.1,126.9,15,16,17,5,3,5,1860,717.87,457.4,903.78,388.36,386.85,139,105,139,2,2,2,3,4,5,10,0,10,103.2,200,295.2,834,999.6,1008.4,19.7,1.73,7.76,67,9.8,20.9,6.6,2.9,4.7,51,16,53,FALSE,1594.9,2252,1845.9,1587,444.72,184.3,630.63,115.21,113.7
SbTeI,mp-28051,5.44,1,5,2.992272237,3.110265292,5,5,5,4.302800179,6,0.717133363,1,1,1,76,221,220,2.05,2.1,2.66,138,135,133,121.7,127.6,126.9,15,16,17,5,5,5,1860,1261,457.4,903.78,722.66,386.85,139,138,139,2,2,2,3,4,5,10,10,10,103.2,190.2,295.2,834,869.3,1008.4,19.7,17.5,7.76,67,48,20.9,6.6,5.5,4.7,51,52,53,FALSE,1594.9,1790,1845.9,1587,988,184.3,630.63,449.51,113.7
Si(PbS2)2,mp-504564,5.05,1,5,5,2.771041281,5,2.14539101,5,6.936900139,14,0.495492867,2,1,4,119,40,184,1.8,1.9,2.58,175,111,102,207.2,28.1,32.1,14,14,16,6,3,3,2022,3173,717.87,600.61,1687,388.36,146,111,105,2,2,2,2,2,4,10,0,0,35.1,133.6,200,715.6,786.5,999.6,4.77,50.2,1.73,178,359,9.8,6.8,5.38,2.9,82,14,16,FALSE,1450.5,1577.1,2252,1749,2900,444.72,327.46,1414,115.21
Sn(CO2)2,mp-542769,6.78,1,5,5,2.272011227,1.556589329,1.267721569,5,8.903499603,14,0.635964257,1,2,4,45,16,140,1.96,2.55,3.44,141,77,73,118.7,12,16,14,14,16,5,2,2,2875,4300,90.2,505.08,3823,54.8,139,76,66,2,2,2,2,2,4,10,0,0,107.3,153.9,141,708.6,1086.5,1313.9,7,105,0.22,290,715,3.41,7.7,1.76,0.8,50,6,8,FALSE,1411.8,2352.6,3388.3,2602,4027,-182.9,231.93,3550,-218.3
Sn2OF2,mp-27480,5.75,1,5,2.12645274,2.236143763,5,5,5,5.21600008,10,0.521600008,2,1,2,45,140,133,1.96,3.44,3.98,141,73,71,118.7,16,18.9,14,16,17,5,2,2,2875,90.2,85.03,505.08,54.8,53.5,139,66,57,2,2,2,2,4,5,10,0,0,107.3,141,328,708.6,1313.9,1681,7,0.22,0.26,290,3.41,3.27,7.7,0.8,0.56,50,8,9,FALSE,1411.8,3388.3,3374.2,2602,-182.9,-188.12,231.93,-218.3,-219.6
Sn2Sb2S5,mp-17835,5.47,1,5,5,2.716321928,5,2.566021674,5,3.968899965,18,0.220494443,2,2,5,45,76,184,1.96,2.05,2.58,141,138,102,118.7,121.7,32.1,14,15,16,5,5,3,2875,1860,717.87,505.08,903.78,388.36,139,139,105,2,2,2,2,3,4,10,10,0,107.3,103.2,200,708.6,834,999.6,7,19.7,1.73,290,67,9.8,7.7,6.6,2.9,50,51,16,FALSE,1411.8,1594.9,2252,2602,1587,444.72,231.93,630.63,115.21
Sn3(OF)2,mp-753246,5.91,1,5,2.243968115,2.055841786,5,5,5,5.48029995,14,0.391449996,3,2,2,45,140,133,1.96,3.44,3.98,141,73,71,118.7,16,18.9,14,16,17,5,2,2,2875,90.2,85.03,505.08,54.8,53.5,139,66,57,2,2,2,2,4,5,10,0,0,107.3,141,328,708.6,1313.9,1681,7,0.22,0.26,290,3.41,3.27,7.7,0.8,0.56,50,8,9,FALSE,1411.8,3388.3,3374.2,2602,-182.9,-188.12,231.93,-218.3,-219.6
SnClF,mp-27373,7,1,5,2.39211988,2.319610712,5,5,5,4.381800175,6,0.730300029,1,1,1,45,181,133,1.96,3.16,3.98,141,99,71,118.7,35.4,18.9,14,17,17,5,3,2,2875,239.11,85.03,505.08,171.6,53.5,139,102,57,2,2,2,2,5,5,10,0,0,107.3,349,328,708.6,1251.2,1681,7,3.2,0.26,290,10.2,3.27,7.7,2.18,0.56,50,17,9,FALSE,1411.8,2298,3374.2,2602,-34.04,-188.12,231.93,-101.5,-219.6
SnICl,mp-571146,6.5,1,5,3.018481482,2.389047093,5,5,5,4.374000073,3,1.458000024,1,1,1,45,220,181,1.96,2.66,3.16,141,133,99,118.7,126.9,35.4,14,17,17,5,5,3,2875,457.4,239.11,505.08,386.85,171.6,139,139,102,2,2,2,2,5,5,10,10,0,107.3,295.2,349,708.6,1008.4,1251.2,7,7.76,3.2,290,20.9,10.2,7.7,4.7,2.18,50,53,17,FALSE,1411.8,1845.9,2298,2602,184.3,-34.04,231.93,113.7,-101.5
SnP7Au3,mp-3245,4.88,1,5,2.632378205,3.076549076,2.16381305,2.508455615,5,6.389500141,11,0.580863649,1,7,3,45,17,85,1.96,2.19,2.4,141,106,144,118.7,31,197,14,15,11,5,3,6,2875,553.6,3129,505.08,317.3,1337.33,139,107,136,2,2,1,2,3,0,10,0,10,107.3,71,222.8,708.6,1011.8,890.1,7,0.64,12.5,290,12.4,330,7.7,3.63,5.8,50,15,79,FALSE,1411.8,1907,1980,2602,280.5,2856,231.93,44.2,1064.18
SnPS3,mp-13923,5.81,1,5,5,2.63900522,2.289576734,2.047078618,5,6.650899887,10,0.665089989,1,1,3,45,17,184,1.96,2.19,2.58,141,106,102,118.7,31,32.1,14,15,16,5,3,3,2875,553.6,717.87,505.08,317.3,388.36,139,107,105,2,2,2,2,3,4,10,0,0,107.3,71,200,708.6,1011.8,999.6,7,0.64,1.73,290,12.4,9.8,7.7,3.63,2.9,50,15,16,FALSE,1411.8,1907,2252,2602,280.5,444.72,231.93,44.2,115.21
SnSO4,mp-645740,7.35,1,5,5,2.17208218,5,1.50067595,5,5.227099896,12,0.435591658,1,1,4,45,184,140,1.96,2.58,3.44,141,102,73,118.7,32.1,16,14,16,16,5,3,2,2875,717.87,90.2,505.08,388.36,54.8,139,105,66,2,2,2,2,4,4,10,0,0,107.3,200,141,708.6,999.6,1313.9,7,1.73,0.22,290,9.8,3.41,7.7,2.9,0.8,50,16,8,FALSE,1411.8,2252,3388.3,2602,444.72,-182.9,231.93,115.21,-218.3
Ta4SiTe4,mp-28509,4.67,1,3.074436923,2.59596911,2.898764825,2.413199902,5,5,4.826399803,18,0.268133322,4,1,4,64,40,221,1.5,1.9,2.1,146,111,135,180.9,28.1,127.6,5,14,16,6,3,5,5731,3173,1261,3290,1687,722.66,170,111,138,2,2,2,0,2,4,3,0,10,31,133.6,190.2,761,786.5,869.3,36,50.2,17.5,736,359,48,13.1,5.38,5.5,73,14,52,FALSE,1500,1577.1,1790,5458,2900,988,3017,1414,449.51
TaPbF7,mp-557163,8.18,1,5,3.384952156,1.93707624,5,2.214432501,5,6.861400127,9,0.762377792,1,1,7,64,119,133,1.5,1.8,3.98,146,175,71,180.9,207.2,18.9,5,14,17,6,6,2,5731,2022,85.03,3290,600.61,53.5,170,146,57,2,2,2,0,2,5,3,10,0,31,35.1,328,761,715.6,1681,36,4.77,0.26,736,178,3.27,13.1,6.8,0.56,73,82,9,FALSE,1500,1450.5,3374.2,5458,1749,-188.12,3017,327.46,-219.6
TaTlSe3,mp-12027,4.93,1,5,5,2.617014442,5,3.00248566,5,3.650599957,10,0.365059996,1,1,3,64,159,198,1.5,1.8,2.55,146,170,116,180.9,204.4,78.9,5,13,16,6,6,4,5731,1746,958,3290,577,494,170,145,120,2,2,2,0,1,4,3,10,10,31,19.2,195,761,589.4,941,36,4.2,5.4,736,165,26,13.1,7.5,3.77,73,81,34,FALSE,1500,1971,2045,5458,1473,685,3017,304,221
Te4MoBr,mp-29190,5.46,1,2.794451938,2.83032681,2.725095097,2.984506785,5,5,6.893400192,12,0.574450016,4,1,1,221,59,196,2.1,2.16,2.96,135,139,114,127.6,95.9,79.9,16,6,17,5,5,4,1261,4912,332,722.66,2896,265.8,138,154,120,2,1,2,4,0,5,10,5,10,190.2,71.9,324.6,869.3,684.3,1139.9,17.5,36,5.8,48,600,14.8,5.5,12.8,3.05,52,42,35,FALSE,1790,1560,2103,988,4639,59,449.51,2623,-7.3
TePbF6,mp-29178,7.92,1,5,5,2.37300027,5,2.003118314,5,4.748300076,16,0.296768755,1,1,6,119,221,133,1.8,2.1,3.98,175,135,71,207.2,127.6,18.9,14,16,17,6,5,2,2022,1261,85.03,600.61,722.66,53.5,146,138,57,2,2,2,2,4,5,10,10,0,35.1,190.2,328,715.6,869.3,1681,4.77,17.5,0.26,178,48,3.27,6.8,5.5,0.56,82,52,9,FALSE,1450.5,1790,3374.2,1749,988,-188.12,327.46,449.51,-219.6
Tl2CN2,mp-570443,4.28,1,5,5,2.528350547,5,1.240161935,5,5.416699886,10,0.541669989,2,1,2,159,16,16,1.8,2.55,3.04,170,77,75,204.4,12,14,13,14,15,6,2,2,1746,4300,77.36,577,3823,63.05,145,76,71,2,2,2,1,2,3,10,0,0,19.2,153.9,7,589.4,1086.5,1402.3,4.2,105,0.36,165,715,2.79,7.5,1.76,1.1,81,6,7,FALSE,1971,2352.6,2856,1473,4027,-195.79,304,3550,-210.1
Tl2PdSe2,mp-28954,4.44,1,5,2.988262392,3.064850386,5,2.501677876,5,3.744299889,5,0.748859978,2,1,2,159,64,198,1.8,2.2,2.55,170,137,116,204.4,106.4,78.9,13,10,16,6,5,4,1746,3236,958,577,1828.05,494,145,139,120,2,0,2,1,0,4,10,10,10,19.2,53.7,195,589.4,804.4,941,4.2,16.7,5.4,165,380,26,7.5,4.8,3.77,81,46,34,FALSE,1971,1870,2045,1473,2963,685,304,1554.9,221
Tl2TeO3,mp-543028,5.17,1,5,5,2.486382019,5,1.89623392,5,5.361599922,12,0.446799994,2,1,3,159,221,140,1.8,2.1,3.44,170,135,73,204.4,127.6,16,13,16,16,6,5,2,1746,1261,90.2,577,722.66,54.8,145,138,66,2,2,2,1,4,4,10,10,0,19.2,190.2,141,589.4,869.3,1313.9,4.2,17.5,0.22,165,48,3.41,7.5,5.5,0.8,81,52,8,FALSE,1971,1790,3388.3,1473,988,-182.9,304,449.51,-218.3
Tl4Bi2S5,mp-23408,4.94,1,5,5,2.876587248,5,2.748092609,5,4.157899857,11,0.377990896,4,2,5,159,103,184,1.8,1.9,2.58,170,146,102,204.4,209,32.1,13,15,16,6,6,3,1746,1837,717.87,577,544.4,388.36,145,148,105,2,2,2,1,3,4,10,10,0,19.2,91.2,200,589.4,703,999.6,4.2,10.9,1.73,165,160,9.8,7.5,7.4,2.9,81,83,16,FALSE,1971,1610,2252,1473,1564,444.72,304,271.3,115.21
TlSbSe2,mp-567318,4.82,1,5,5,3.096453379,5,2.865392963,5,4.161399841,8,0.52017498,1,1,2,159,76,198,1.8,2.05,2.55,170,138,116,204.4,121.7,78.9,13,15,16,6,5,4,1746,1860,958,577,903.78,494,145,139,120,2,2,2,1,3,4,10,10,10,19.2,103.2,195,589.4,834,941,4.2,19.7,5.4,165,67,26,7.5,6.6,3.77,81,51,34,FALSE,1971,1594.9,2045,1473,1587,685,304,630.63,221
W2NCl8,mp-570568,5.74,1,3.656088082,1.82804406,2.398029674,5,5,5,7.03000021,11,0.639090928,2,1,8,60,16,181,1.7,3.04,3.16,139,75,99,183.8,14,35.4,6,15,17,6,2,3,5828,77.36,239.11,3695,63.05,171.6,162,71,102,2,2,2,0,3,5,4,0,0,78.6,7,349,770,1402.3,1251.2,35,0.36,3.2,800,2.79,10.2,11.1,1.1,2.18,74,7,17,FALSE,1700,2856,2298,5555,-195.79,-34.04,3422,-210.1,-101.5
W2OF8,mp-765097,6.1,1,2.484097956,1.885261124,1.956523017,5,5,5,8.976200104,22,0.408009096,2,1,8,60,140,133,1.7,3.44,3.98,139,73,71,183.8,16,18.9,6,16,17,6,2,2,5828,90.2,85.03,3695,54.8,53.5,162,66,57,2,2,2,0,4,5,4,0,0,78.6,141,328,770,1313.9,1681,35,0.22,0.26,800,3.41,3.27,11.1,0.8,0.56,74,8,9,FALSE,1700,3388.3,3374.2,5555,-182.9,-188.12,3422,-218.3,-219.6
WCl3O,mp-565978,6.74,1,3.019590462,2.377680568,1.897529588,5,5,5,3.786600113,10,0.378660011,1,3,1,60,181,140,1.7,3.16,3.44,139,99,73,183.8,35.4,16,6,17,16,6,3,2,5828,239.11,90.2,3695,171.6,54.8,162,102,66,2,2,2,0,5,4,4,0,0,78.6,349,141,770,1251.2,1313.9,35,3.2,0.22,800,10.2,3.41,11.1,2.18,0.8,74,17,8,FALSE,1700,2298,3388.3,5555,-34.04,-182.9,3422,-101.5,-218.3
WOF4,mp-765135,9.98,1,5,1.991700054,1.86837881,5,5,5,3.983400106,6,0.663900018,1,1,4,60,140,133,1.7,3.44,3.98,139,73,71,183.8,16,18.9,6,16,17,6,2,2,5828,90.2,85.03,3695,54.8,53.5,162,66,57,2,2,2,0,4,5,4,0,0,78.6,141,328,770,1313.9,1681,35,0.22,0.26,800,3.41,3.27,11.1,0.8,0.56,74,8,9,FALSE,1700,3388.3,3374.2,5555,-182.9,-188.12,3422,-218.3,-219.6
Zn(HO)2,mp-625272,5.82,1,5,5,1.981095411,5,0.972586756,5,3.34100008,15,0.222733339,1,2,2,74,37,140,1.65,2.2,3.44,134,53,73,65.4,1,16,12,1,16,4,1,2,1180,20.28,90.2,692.68,14.01,54.8,122,31,66,2,1,2,0,0,4,10,0,0,0,72.8,141,906.4,1312,1313.9,7.35,0.56,0.22,119,0.45,3.41,5.6,0.67,0.8,30,1,8,FALSE,1733.3,1312,3388.3,907,-252.87,-182.9,419.53,-259.14,-218.3
Zr(PS3)2,mp-8203,5.73,1,5,5,2.714281086,5,2.048491794,5,9.499667721,18,0.527759318,1,2,6,84,17,184,1.33,2.19,2.58,160,106,102,91.2,31,32.1,4,15,16,5,3,3,4682,553.6,717.87,2128,317.3,388.36,175,107,105,2,2,2,0,3,4,2,0,0,41.1,71,200,640.1,1011.8,999.6,21,0.64,1.73,580,12.4,9.8,17.9,3.63,2.9,40,15,16,FALSE,1270,1907,2252,4409,280.5,444.72,1855,44.2,115.21
ZrPbS3,mp-20244,5.06,1,3.734909989,5,2.595658961,5,2.678242418,5,3.808300018,10,0.380830002,1,1,3,84,119,184,1.33,1.8,2.58,160,175,102,91.2,207.2,32.1,4,14,16,5,6,3,4682,2022,717.87,2128,600.61,388.36,175,146,105,2,2,2,0,2,4,2,10,0,41.1,35.1,200,640.1,715.6,999.6,21,4.77,1.73,580,178,9.8,17.9,6.8,2.9,40,82,16,FALSE,1270,1450.5,2252,4409,1749,444.72,1855,327.46,115.21
ZrSnCl6,mp-29018,7.02,1,5,5,2.50445499,5,2.673088476,5,6.670700073,24,0.277945836,1,1,6,84,45,181,1.33,1.96,3.16,160,141,99,91.2,118.7,35.4,4,14,17,5,5,3,4682,2875,239.11,2128,505.08,171.6,175,139,102,2,2,2,0,2,5,2,10,0,41.1,107.3,349,640.1,708.6,1251.2,21,7,3.2,580,290,10.2,17.9,7.7,2.18,40,50,17,FALSE,1270,1411.8,2298,4409,2602,-34.04,1855,231.93,-101.5
ZrSnS3,mp-17324,5.54,1,3.716544936,5,2.589204272,5,2.594909971,5,3.747900009,10,0.374790001,1,1,3,84,45,184,1.33,1.96,2.58,160,141,102,91.2,118.7,32.1,4,14,16,5,5,3,4682,2875,717.87,2128,505.08,388.36,175,139,105,2,2,2,0,2,4,2,10,0,41.1,107.3,200,640.1,708.6,999.6,21,7,1.73,580,290,9.8,17.9,7.7,2.9,40,50,16,FALSE,1270,1411.8,2252,4409,2602,444.72,1855,231.93,115.21
